id,type,tr_train_RMSE,tr_test_RMSE,rf_train_RMSE,rf_test_RMSE
2589,FINANCE,0.0129,0.2718,0.0015,0.2670
2186,INDUSTRY,0.1596,0.3041,0.0677,0.3074
2250,MACRO,0.0329,0.4017,0.0096,0.4035
1737,MICRO,0.1369,0.2193,0.0676,0.2216
2786,OTHER,0.0850,0.1987,0.0354,0.2074
2727,DEMOGRAPHIC,0.0469,0.3240,0.0174,0.2733
2598,FINANCE,0.1214,0.2859,0.0529,0.2332
2177,INDUSTRY,0.1426,0.2320,0.0621,0.2240
2476,MACRO,0.0553,0.2748,0.0391,0.1979
1812,MICRO,0.0982,0.2363,0.0456,0.2222
2783,OTHER,0.1826,0.2891,0.0871,0.2465
2682,DEMOGRAPHIC,0.0644,0.2223,0.0340,0.2262
2568,FINANCE,0.0346,0.1198,0.0350,0.1783
1894,INDUSTRY,0.1332,0.2903,0.0585,0.4330
2271,MACRO,0.1102,0.3600,0.0406,0.3907
1601,MICRO,0.1243,0.2001,0.0491,0.2018
2798,OTHER,0.0747,0.1138,0.0310,0.1337
2667,DEMOGRAPHIC,0.0290,0.2917,0.0174,0.3049
2645,FINANCE,0.0861,0.1878,0.0231,0.1963
2200,INDUSTRY,0.0967,0.3294,0.0641,0.3166
2451,MACRO,0.1259,0.2300,0.0512,0.2460
1738,MICRO,0.1017,0.2681,0.0462,0.2655
2829,OTHER,0.0258,0.2264,0.0081,0.2279
2737,DEMOGRAPHIC,0.0747,0.1298,0.0465,0.2091
2524,FINANCE,0.0253,0.4415,0.0051,0.4587
2139,INDUSTRY,0.1331,0.3366,0.0631,0.3276
2403,MACRO,0.1001,0.3241,0.0216,0.3692
1856,MICRO,0.1732,0.2722,0.0685,0.2635
2820,OTHER,0.0180,0.2450,0.0065,0.2228
2752,DEMOGRAPHIC,0.0670,0.2210,0.0671,0.1798
2594,FINANCE,0.0748,0.5970,0.0150,0.7371
2123,INDUSTRY,0.1679,0.2908,0.0682,0.3050
2381,MACRO,0.0796,0.4365,0.0293,0.1407
1458,MICRO,0.1736,0.2713,0.0877,0.2837
2800,OTHER,0.0675,0.1030,0.0324,0.1387
2697,DEMOGRAPHIC,0.0141,0.3956,0.0032,0.3967
2587,FINANCE,0.0372,0.4467,0.0136,0.5275
1961,INDUSTRY,0.1482,0.3097,0.0599,0.3054
2479,MACRO,0.1095,0.2862,0.0489,0.2672
1800,MICRO,0.1128,0.2166,0.0574,0.2088
2813,OTHER,0.0200,0.3199,0.0068,0.3161
2772,DEMOGRAPHIC,0.1539,0.2278,0.0671,0.2280
2653,FINANCE,0.1569,0.1240,0.0512,0.2110
2197,INDUSTRY,0.0695,0.1810,0.0608,0.1999
2308,MACRO,0.0571,0.1910,0.0246,0.2610
1844,MICRO,0.1983,0.2622,0.0921,0.2539
2792,OTHER,0.0738,0.1022,0.0356,0.1149
2725,DEMOGRAPHIC,0.0524,0.3014,0.0296,0.2558
2578,FINANCE,0.1155,0.3408,0.0486,0.3132
2070,INDUSTRY,0.0839,0.2187,0.0417,0.2174
2415,MACRO,0.0689,0.2234,0.0288,0.2447
1541,MICRO,0.1834,0.2260,0.0772,0.2400
2779,OTHER,0.2211,0.2519,0.0846,0.2549
2763,DEMOGRAPHIC,0.2069,0.5918,0.0423,0.2610
2636,FINANCE,0.0990,0.2178,0.0417,0.2857
2096,INDUSTRY,0.0736,0.0794,0.0465,0.0987
2467,MACRO,0.0916,0.3042,0.0293,0.2807
1659,MICRO,0.1321,0.2223,0.0850,0.1411
2782,OTHER,0.1713,0.2859,0.0718,0.2913
2741,DEMOGRAPHIC,0.1175,0.3517,0.0647,0.2195
2583,FINANCE,0.0908,0.2695,0.0348,0.1402
1985,INDUSTRY,0.1563,0.4094,0.0657,0.4394
2386,MACRO,0.0239,0.7096,0.0053,0.6702
1609,MICRO,0.0692,0.2394,0.0505,0.2562
2787,OTHER,0.0768,0.1328,0.0328,0.1368
2705,DEMOGRAPHIC,0.0532,0.1511,0.0376,0.1490
2584,FINANCE,0.0319,0.3173,0.0064,0.1064
1901,INDUSTRY,0.0726,0.2650,0.0275,0.2598
2440,MACRO,0.0994,0.5302,0.0407,0.3925
1861,MICRO,0.1618,0.2733,0.0709,0.2715
2791,OTHER,0.0861,0.1312,0.0416,0.1326
2775,DEMOGRAPHIC,0.0593,0.1097,0.0352,0.1012
2542,FINANCE,0.0337,0.2406,0.0134,0.2474
1995,INDUSTRY,0.1617,0.2647,0.0557,0.1892
2402,MACRO,0.0836,0.4697,0.0246,0.2472
1535,MICRO,0.0815,0.1717,0.0518,0.2106
2815,OTHER,0.0287,0.2371,0.0111,0.2312
2675,DEMOGRAPHIC,0.0672,0.4675,0.0246,0.1843
2590,FINANCE,0.0103,0.2738,0.0014,0.2740
2066,INDUSTRY,0.1456,0.2076,0.0503,0.2071
2310,MACRO,0.0532,0.2466,0.0182,0.2387
1550,MICRO,0.1884,0.2882,0.0790,0.2801
2826,OTHER,0.0141,0.2966,0.0057,0.2863
2687,DEMOGRAPHIC,0.1415,0.2694,0.0327,0.2704
2556,FINANCE,0.0865,0.5814,0.0173,0.5422
2028,INDUSTRY,0.1732,0.3407,0.0645,0.3127
2299,MACRO,0.0381,0.1071,0.0362,0.1767
1798,MICRO,0.1589,0.3227,0.0756,0.2953
2795,OTHER,0.0668,0.0967,0.0306,0.1202
2774,DEMOGRAPHIC,0.0573,0.2772,0.0140,0.3003
2552,FINANCE,0.1367,0.2975,0.0391,0.3570
1882,INDUSTRY,0.0537,0.4048,0.0090,0.4223
2298,MACRO,0.0520,0.2689,0.0182,0.2806
1816,MICRO,0.0950,0.2729,0.0491,0.2512
2804,OTHER,0.0294,0.1908,0.0104,0.2330
2711,DEMOGRAPHIC,0.0335,0.2513,0.0143,0.2615
2652,FINANCE,0.1703,0.5224,0.0795,0.4525
2032,INDUSTRY,0.0773,0.2370,0.0403,0.2246
2340,MACRO,0.0549,0.2438,0.0298,0.1998
1775,MICRO,0.0767,0.2124,0.0388,0.1976
2811,OTHER,0.1165,0.2848,0.0539,0.2823
2681,DEMOGRAPHIC,0.0920,0.4833,0.0423,0.2778
2522,FINANCE,0.0884,0.3976,0.0318,0.3712
2014,INDUSTRY,0.1442,0.2837,0.0500,0.2648
2463,MACRO,0.0486,0.2078,0.0272,0.1905
1722,MICRO,0.1547,0.2159,0.0731,0.2010
2816,OTHER,0.0208,0.1792,0.0071,0.1824
2692,DEMOGRAPHIC,0.0169,0.3005,0.0026,0.2936
2549,FINANCE,0.0322,0.2037,0.0119,0.2005
2100,INDUSTRY,0.0806,0.2709,0.0619,0.2513
2364,MACRO,0.0529,0.2090,0.0196,0.2029
1468,MICRO,0.1010,0.2403,0.0504,0.2435
2801,OTHER,0.0258,0.1653,0.0101,0.2906
2767,DEMOGRAPHIC,0.1757,0.2124,0.0618,0.1925
2569,FINANCE,0.0994,0.2163,0.0406,0.2165
1969,INDUSTRY,0.1537,0.2637,0.0581,0.2386
2285,MACRO,0.0572,0.2808,0.0190,0.2776
1765,MICRO,0.1011,0.1632,0.0447,0.1827
2785,OTHER,0.0845,0.1036,0.0360,0.0961
2716,DEMOGRAPHIC,0.0095,0.4370,0.0013,0.4292
2591,FINANCE,0.0101,0.2502,0.0017,0.2532
1884,INDUSTRY,0.0827,0.4674,0.0268,0.2993
2503,MACRO,0.0316,0.1464,0.0288,0.1985
1647,MICRO,0.1760,0.2735,0.0789,0.1847
2793,OTHER,0.0722,0.1615,0.0313,0.1518
2745,DEMOGRAPHIC,0.1214,0.5443,0.0524,0.5332
2580,FINANCE,0.1065,0.3779,0.0422,0.3919
2204,INDUSTRY,0.0858,0.2265,0.0358,0.1889
2305,MACRO,0.0513,0.3274,0.0198,0.3270
1492,MICRO,0.1217,0.2272,0.0620,0.2172
2781,OTHER,0.2589,0.2572,0.0968,0.2604
2764,DEMOGRAPHIC,0.1932,0.8612,0.0591,0.2546
2564,FINANCE,0.0104,0.2567,0.0022,0.2390
2022,INDUSTRY,0.1697,0.2594,0.0648,0.1961
2320,MACRO,0.0282,0.4155,0.0049,0.3988
1582,MICRO,0.0765,0.2766,0.0635,0.2118
2810,OTHER,0.0679,0.3195,0.0339,0.2919
2750,DEMOGRAPHIC,0.0977,0.2370,0.0642,0.2339
2581,FINANCE,0.0226,0.2746,0.0087,0.3330
1956,INDUSTRY,0.0971,0.2244,0.0711,0.1989
2441,MACRO,0.1054,0.5120,0.0238,0.4983
1415,MICRO,0.1994,0.2956,0.0835,0.2815
2803,OTHER,0.0389,0.7159,0.0149,0.6312
2739,DEMOGRAPHIC,0.0697,0.1613,0.0507,0.1775
2607,FINANCE,0.1393,0.2130,0.0487,0.2131
1982,INDUSTRY,0.0807,0.1770,0.0429,0.1906
2480,MACRO,0.0971,0.2048,0.0418,0.1893
1644,MICRO,0.1255,0.3503,0.0500,0.3516
2780,OTHER,0.1309,0.2634,0.0912,0.2282
2744,DEMOGRAPHIC,0.1366,0.5402,0.0417,0.5847
2570,FINANCE,0.0114,0.4100,0.0018,0.4155
2166,INDUSTRY,0.0940,0.4224,0.0358,0.2769
2373,MACRO,0.0676,0.2523,0.0237,0.2347
1490,MICRO,0.0872,0.2426,0.0695,0.2734
2796,OTHER,0.0888,0.1740,0.0391,0.1796
2710,DEMOGRAPHIC,0.0661,0.4357,0.0229,0.3562
2563,FINANCE,0.0740,0.3122,0.0197,0.3500
1980,INDUSTRY,0.1527,0.2086,0.0627,0.1978
2291,MACRO,0.1015,0.3046,0.0418,0.2765
1827,MICRO,0.1241,0.2598,0.0753,0.2378
2823,OTHER,0.1167,0.1669,0.0665,0.0818
2719,DEMOGRAPHIC,0.0199,0.2213,0.0058,0.2174
2560,FINANCE,0.1323,0.2919,0.0718,0.2240
2087,INDUSTRY,0.1686,0.2283,0.0569,0.2259
2267,MACRO,0.0728,0.4388,0.0410,0.4058
1672,MICRO,0.1906,0.3748,0.0771,0.2931
2794,OTHER,0.0792,0.1435,0.0352,0.1702
2759,DEMOGRAPHIC,0.2353,0.7200,0.0432,0.2534
2660,FINANCE,0.0601,0.3070,0.0203,0.2725
1975,INDUSTRY,0.1035,0.2286,0.0401,0.2191
2337,MACRO,0.0367,0.1973,0.0264,0.2499
1858,MICRO,0.1194,0.2765,0.0671,0.2624
2824,OTHER,0.0287,0.0834,0.0234,0.2051
2754,DEMOGRAPHIC,0.0637,0.1521,0.0524,0.1190
2643,FINANCE,0.0992,0.2460,0.0240,0.1906
1958,INDUSTRY,0.1207,0.2957,0.0601,0.2544
2357,MACRO,0.0798,0.2498,0.0184,0.2734
1749,MICRO,0.1248,0.2036,0.0671,0.1732
2818,OTHER,0.0247,0.1932,0.0090,0.2759
2672,DEMOGRAPHIC,0.1541,0.2856,0.0601,0.2810
2666,FINANCE,0.0401,0.1331,0.0182,0.1775
2092,INDUSTRY,0.0826,0.3221,0.0304,0.3566
2487,MACRO,0.0176,0.4100,0.0022,0.4239
1739,MICRO,0.1012,0.2226,0.0477,0.2199
2805,OTHER,0.0480,0.1619,0.0155,0.1627
2735,DEMOGRAPHIC,0.0784,0.5019,0.0316,0.4179
2530,FINANCE,0.0672,0.3995,0.0236,0.4126
2050,INDUSTRY,0.0662,0.2316,0.0438,0.2276
2319,MACRO,0.0168,0.4265,0.0031,0.4216
1503,MICRO,0.1411,0.1963,0.0629,0.1734
2789,OTHER,0.0733,0.0942,0.0323,0.1005
2755,DEMOGRAPHIC,0.0322,0.1527,0.0405,0.1803
2605,FINANCE,0.0653,0.2363,0.0609,0.2542
2128,INDUSTRY,0.0980,0.2278,0.0593,0.2424
2459,MACRO,0.1014,0.1777,0.0363,0.2457
1544,MICRO,0.1932,0.2614,0.0769,0.2396
2802,OTHER,0.0515,0.1232,0.0205,0.1150
2777,DEMOGRAPHIC,0.0212,0.4959,0.0049,0.4753
2604,FINANCE,0.1200,0.4212,0.0505,0.3655
1920,INDUSTRY,0.1284,0.2237,0.0519,0.2029
2394,MACRO,0.1430,0.3571,0.0248,0.3971
1607,MICRO,0.1878,0.3316,0.0732,0.3518
2817,OTHER,0.0792,0.1259,0.0360,0.4410
2736,DEMOGRAPHIC,0.0633,0.1152,0.0487,0.1197
2609,FINANCE,0.1039,0.1770,0.0350,0.1504
2008,INDUSTRY,0.1172,0.3330,0.0547,0.2276
2327,MACRO,0.0638,0.2205,0.0321,0.1927
1727,MICRO,0.0917,0.2756,0.0470,0.2776
2784,OTHER,0.0814,0.1205,0.0327,0.1162
2761,DEMOGRAPHIC,0.1505,0.5766,0.0438,0.2488
2611,FINANCE,0.1308,0.2557,0.0259,0.2557
2180,INDUSTRY,0.1179,0.2291,0.0463,0.2111
2272,MACRO,0.0847,0.2199,0.0387,0.2192
1584,MICRO,0.1464,0.2884,0.0648,0.2517
2790,OTHER,0.0783,0.1538,0.0324,0.0981
2751,DEMOGRAPHIC,0.1778,0.2931,0.0819,0.2490
2536,FINANCE,0.1122,0.2303,0.0467,0.2123
2127,INDUSTRY,0.1671,0.2169,0.0616,0.2348
2240,MACRO,0.1207,0.1971,0.0387,0.1769
1723,MICRO,0.0641,0.2512,0.0368,0.2574
2807,OTHER,0.0360,0.1439,0.0187,0.1605
2706,DEMOGRAPHIC,0.1034,0.2479,0.0430,0.2078
2573,FINANCE,0.0610,0.1538,0.0386,0.1709
2076,INDUSTRY,0.1890,0.2951,0.0736,0.3012
2323,MACRO,0.0219,0.3033,0.0044,0.3144
1753,MICRO,0.1261,0.3075,0.0617,0.3271
2822,OTHER,0.0184,0.3291,0.0077,0.4148
2733,DEMOGRAPHIC,0.0215,0.3557,0.0065,0.3347
2574,FINANCE,0.1011,0.2533,0.0633,0.2814
2167,INDUSTRY,0.0702,0.3152,0.0290,0.2980
2346,MACRO,0.0538,0.3206,0.0187,0.3301
1830,MICRO,0.1649,0.3431,0.0723,0.2669
2809,OTHER,0.0298,0.3053,0.0104,0.2927
2669,DEMOGRAPHIC,0.0462,0.3222,0.0175,0.3121
2659,FINANCE,0.1790,0.2629,0.0580,0.2919
1951,INDUSTRY,0.1392,0.2900,0.0597,0.2728
2400,MACRO,0.0937,0.3298,0.0277,0.2618
1593,MICRO,0.1866,0.2823,0.0707,0.2660
2808,OTHER,0.0259,0.3453,0.0109,0.3899
2724,DEMOGRAPHIC,0.0461,0.2917,0.0173,0.2347
2640,FINANCE,0.1215,0.4730,0.0452,0.2861
2202,INDUSTRY,0.0747,0.2574,0.0589,0.2640
2332,MACRO,0.0909,0.2129,0.0426,0.1764
1488,MICRO,0.1103,0.2571,0.0537,0.2552
2778,OTHER,0.2048,0.2300,0.0805,0.2458
2671,DEMOGRAPHIC,0.1051,0.2568,0.0398,0.2705
2527,FINANCE,0.0795,0.2694,0.0197,0.1670
1994,INDUSTRY,0.1146,0.3223,0.0520,0.2146
2369,MACRO,0.0669,0.3184,0.0221,0.3108
1769,MICRO,0.1089,0.2949,0.0448,0.2194
2827,OTHER,0.0248,0.2428,0.0072,0.2325
2722,DEMOGRAPHIC,0.0772,0.2973,0.0246,0.2800
2554,FINANCE,0.0204,0.2267,0.0036,0.2086
1983,INDUSTRY,0.1411,0.1951,0.0560,0.2059
2212,MACRO,0.0208,0.2137,0.0053,0.2136
1674,MICRO,0.1736,0.3325,0.0688,0.2626
2819,OTHER,0.0424,0.2093,0.0149,0.1710
2699,DEMOGRAPHIC,0.0497,0.3150,0.0144,0.2482
2655,FINANCE,0.1718,0.3060,0.0542,0.3032
2067,INDUSTRY,0.1183,0.4011,0.0409,0.2421
2301,MACRO,0.0497,0.3508,0.0187,0.3301
1748,MICRO,0.0711,0.1576,0.0424,0.1925
2799,OTHER,0.0624,0.1353,0.0257,0.1443
2714,DEMOGRAPHIC,0.0606,0.2925,0.0085,0.2289
2606,FINANCE,0.0737,0.3554,0.0209,0.3450
2034,INDUSTRY,0.0869,0.1984,0.0403,0.1911
2362,MACRO,0.0893,0.3051,0.0218,0.2279
1414,MICRO,0.2433,0.4364,0.0986,0.2803
2814,OTHER,0.0296,0.2485,0.0090,0.2249
2694,DEMOGRAPHIC,0.0072,0.4282,0.0012,0.4253
2627,FINANCE,0.0739,0.2027,0.0256,0.2379
2125,INDUSTRY,0.1568,0.1733,0.0700,0.1329
2338,MACRO,0.0979,0.2121,0.0379,0.1855
1453,MICRO,0.1649,0.2713,0.0940,0.2208
2806,OTHER,0.2821,0.6378,0.0515,0.5619
2734,DEMOGRAPHIC,0.0676,0.2212,0.0346,0.2046
2657,FINANCE,0.0504,0.2940,0.0263,0.2920
1950,INDUSTRY,0.1846,0.3766,0.0760,0.3177
2368,MACRO,0.1077,0.2359,0.0449,0.2393
1650,MICRO,0.1182,0.2891,0.0725,0.1479
2828,OTHER,0.0807,0.3434,0.0440,0.2799
2677,DEMOGRAPHIC,0.0929,0.1153,0.0369,0.1319
2626,FINANCE,0.0988,0.2569,0.0236,0.2519
2184,INDUSTRY,0.1004,0.2941,0.0385,0.2660
2412,MACRO,0.0795,0.2688,0.0428,0.2248
1589,MICRO,0.1091,0.2257,0.0448,0.2266
2812,OTHER,0.0479,0.1477,0.0212,0.0641
2747,DEMOGRAPHIC,0.0531,0.0624,0.0358,0.0910
2601,FINANCE,0.1386,0.1955,0.0585,0.2205
2111,INDUSTRY,0.1496,0.4725,0.0577,0.3926
2257,MACRO,0.0943,0.4560,0.0437,0.3776
1697,MICRO,0.0970,0.2290,0.0526,0.2132
2788,OTHER,0.0718,0.0937,0.0318,0.0806
2674,DEMOGRAPHIC,0.0936,0.1869,0.0130,0.2640
2595,FINANCE,0.0360,0.4767,0.0145,0.5212
1997,INDUSTRY,0.1909,0.1717,0.0722,0.1938
2477,MACRO,0.0658,0.2271,0.0417,0.1759
1823,MICRO,0.0724,0.2695,0.0724,0.2019
2797,OTHER,0.0866,0.1400,0.0344,0.1618
2686,DEMOGRAPHIC,0.1003,0.4093,0.0349,0.2803
2539,FINANCE,0.1207,0.3065,0.0511,0.2672
1996,INDUSTRY,0.2072,0.2902,0.0818,0.2971
2242,MACRO,0.1082,0.3917,0.0305,0.2940
1838,MICRO,0.1900,0.2003,0.0769,0.2056
2825,OTHER,0.0305,0.2791,0.0122,0.3304
2769,DEMOGRAPHIC,0.0531,0.1455,0.0256,0.1537
2537,FINANCE,0.0662,0.1770,0.0440,0.2282
2074,INDUSTRY,0.0395,0.3048,0.0109,0.3155
2481,MACRO,0.0568,0.2903,0.0348,0.2614
1651,MICRO,0.1781,0.3938,0.0695,0.3688
2821,OTHER,0.0270,0.1490,0.0095,0.1983
2749,DEMOGRAPHIC,0.2007,0.4810,0.0673,0.4344
2559,FINANCE,0.0186,0.2025,0.0139,0.2976
1891,INDUSTRY,0.1957,0.2818,0.0645,0.2325
2417,MACRO,0.1365,0.3097,0.0514,0.3019
1851,MICRO,0.1381,0.2595,0.0644,0.2700
2717,DEMOGRAPHIC,0.0573,0.2184,0.0709,0.2714
2543,FINANCE,0.0175,0.7493,0.0053,0.7223
2055,INDUSTRY,0.0779,0.2139,0.0521,0.1962
2376,MACRO,0.1010,0.6450,0.0257,0.6040
1677,MICRO,0.1146,0.3702,0.0478,0.3921
2720,DEMOGRAPHIC,0.0262,0.2445,0.0065,0.2352
2553,FINANCE,0.0809,0.3304,0.0326,0.2016
2097,INDUSTRY,0.1746,0.1861,0.0689,0.2267
2270,MACRO,0.1668,0.2326,0.0618,0.2475
1821,MICRO,0.1016,0.1657,0.0564,0.1410
2715,DEMOGRAPHIC,0.0141,0.3271,0.0032,0.3152
2632,FINANCE,0.0763,0.3377,0.0282,0.3704
2099,INDUSTRY,0.1542,0.1826,0.0654,0.2213
2359,MACRO,0.0865,0.2705,0.0335,0.2656
1426,MICRO,0.2047,0.3497,0.0841,0.3012
2676,DEMOGRAPHIC,0.0319,0.2456,0.0125,0.2350
2532,FINANCE,0.1327,0.2299,0.0552,0.2222
1876,INDUSTRY,0.0560,0.1630,0.0423,0.1833
2370,MACRO,0.1370,0.2788,0.0209,0.2553
1514,MICRO,0.2354,0.3770,0.0929,0.3581
2740,DEMOGRAPHIC,0.0354,0.3886,0.0098,0.4060
2651,FINANCE,0.0710,0.3907,0.0473,0.3833
2181,INDUSTRY,0.1257,0.1981,0.0504,0.1841
2509,MACRO,0.0609,0.2076,0.0455,0.2367
1735,MICRO,0.0714,0.1833,0.0463,0.1336
2726,DEMOGRAPHIC,0.0346,0.3079,0.0141,0.2805
2624,FINANCE,0.1279,0.2255,0.0438,0.3179
1913,INDUSTRY,0.0635,0.2822,0.0335,0.2966
2314,MACRO,0.1080,0.5960,0.0218,0.6297
1406,MICRO,0.2132,0.2545,0.0888,0.2462
2712,DEMOGRAPHIC,0.0347,0.2287,0.0126,0.2274
2630,FINANCE,0.1190,0.3568,0.0368,0.3597
1942,INDUSTRY,0.1471,0.2312,0.0621,0.1889
2311,MACRO,0.0432,0.2955,0.0166,0.2693
1712,MICRO,0.0658,0.2075,0.0496,0.2228
2678,DEMOGRAPHIC,0.0963,0.1210,0.0385,0.1220
2625,FINANCE,0.1162,0.2947,0.0370,0.2475
2153,INDUSTRY,0.1565,0.4477,0.0682,0.3603
2234,MACRO,0.0410,0.2013,0.0293,0.1800
1698,MICRO,0.0712,0.1998,0.0342,0.2339
2685,DEMOGRAPHIC,0.1184,0.4888,0.0325,0.3962
2599,FINANCE,0.1285,0.1754,0.0479,0.2102
1963,INDUSTRY,0.1543,0.1704,0.0742,0.1282
2436,MACRO,0.1367,0.2623,0.0628,0.2464
1649,MICRO,0.1863,0.2800,0.0904,0.2519
2731,DEMOGRAPHIC,0.0429,0.2501,0.0218,0.2459
2582,FINANCE,0.0138,0.2286,0.0031,0.2219
2135,INDUSTRY,0.0944,0.1656,0.0511,0.1929
2392,MACRO,0.1274,0.4043,0.0321,0.2518
1555,MICRO,0.1317,0.2486,0.0560,0.2504
2690,DEMOGRAPHIC,0.0343,0.3590,0.0072,0.4175
2561,FINANCE,0.0370,0.2672,0.0043,0.2847
2192,INDUSTRY,0.1102,0.1682,0.0692,0.1745
2450,MACRO,0.0871,0.2495,0.0379,0.2537
1510,MICRO,0.1827,0.2413,0.0708,0.2288
2742,DEMOGRAPHIC,0.1223,0.2876,0.0616,0.3022
2546,FINANCE,0.0462,0.4523,0.0161,0.5413
2000,INDUSTRY,0.1499,0.2473,0.0541,0.2707
2224,MACRO,0.0394,0.2264,0.0070,0.2292
1622,MICRO,0.1141,0.3226,0.0817,0.2613
2684,DEMOGRAPHIC,0.0645,0.1994,0.0200,0.1698
2579,FINANCE,0.1849,0.3371,0.0911,0.2781
1888,INDUSTRY,0.1977,0.6419,0.0683,0.5779
2379,MACRO,0.1236,0.5942,0.0217,0.7314
1563,MICRO,0.1031,0.2941,0.0457,0.2980
2765,DEMOGRAPHIC,0.2802,0.3989,0.0511,0.2098
2596,FINANCE,0.1217,0.3483,0.0491,0.2934
2045,INDUSTRY,0.1610,0.1925,0.0653,0.1650
2360,MACRO,0.1376,0.2353,0.0436,0.2110
1859,MICRO,0.1351,0.2290,0.0747,0.2061
2698,DEMOGRAPHIC,0.0165,0.3377,0.0045,0.3787
2576,FINANCE,0.0944,0.1782,0.0381,0.1731
1908,INDUSTRY,0.1187,0.2503,0.0530,0.1697
2282,MACRO,0.0984,0.4588,0.0551,0.2972
1616,MICRO,0.1772,0.2944,0.0924,0.2535
2689,DEMOGRAPHIC,0.0069,0.3733,0.0015,0.3761
2565,FINANCE,0.0163,0.2492,0.0032,0.2570
1877,INDUSTRY,0.0511,0.1555,0.0401,0.1464
2382,MACRO,0.0671,0.2491,0.0210,0.2444
1696,MICRO,0.0599,0.2451,0.0472,0.2029
2670,DEMOGRAPHIC,0.0485,0.3015,0.0151,0.2528
2550,FINANCE,0.0502,0.3774,0.0155,0.3683
1964,INDUSTRY,0.1600,0.2841,0.0586,0.2700
2432,MACRO,0.0734,0.1863,0.0288,0.1936
1866,MICRO,0.1068,0.1782,0.0707,0.1548
2746,DEMOGRAPHIC,0.0460,0.5650,0.0198,0.5579
2557,FINANCE,0.0251,0.2751,0.0042,0.2396
2037,INDUSTRY,0.1702,0.2634,0.0714,0.2347
2251,MACRO,0.0312,0.3839,0.0068,0.3826
1687,MICRO,0.1021,0.2156,0.0558,0.1989
2771,DEMOGRAPHIC,0.0521,0.2546,0.0390,0.1914
2529,FINANCE,0.0676,0.4260,0.0281,0.3936
1989,INDUSTRY,0.2025,0.2768,0.0804,0.2433
2513,MACRO,0.0811,0.2930,0.0230,0.3032
1540,MICRO,0.1727,0.3687,0.0752,0.3604
2702,DEMOGRAPHIC,0.0563,0.2536,0.0282,0.2636
2567,FINANCE,0.0693,0.3484,0.0182,0.3785
2143,INDUSTRY,0.1587,0.3470,0.0534,0.4054
2520,MACRO,0.0306,0.4656,0.0070,0.4797
1463,MICRO,0.1685,0.2241,0.0667,0.2249
2718,DEMOGRAPHIC,0.0178,0.2475,0.0056,0.2455
2586,FINANCE,0.0680,0.6417,0.0145,0.7290
2121,INDUSTRY,0.1458,0.2989,0.0483,0.2100
2287,MACRO,0.0425,0.4762,0.0119,0.4980
1836,MICRO,0.1429,0.2952,0.0653,0.2579
2695,DEMOGRAPHIC,0.0194,0.3729,0.0051,0.3722
2558,FINANCE,0.1238,0.1924,0.0460,0.1851
2183,INDUSTRY,0.1929,0.3163,0.0486,0.2443
2514,MACRO,0.0522,0.3605,0.0058,0.1328
1747,MICRO,0.1376,0.2635,0.0703,0.2463
2683,DEMOGRAPHIC,0.0450,0.2096,0.0260,0.2014
2555,FINANCE,0.0191,0.2548,0.0043,0.2700
2102,INDUSTRY,0.1738,0.2451,0.0649,0.2146
2312,MACRO,0.0419,0.3273,0.0148,0.3146
1786,MICRO,0.1626,0.2960,0.0745,0.2021
2708,DEMOGRAPHIC,0.0816,0.3991,0.0430,0.2997
2642,FINANCE,0.0230,0.3195,0.0070,0.3123
2105,INDUSTRY,0.2310,0.3574,0.0952,0.2957
2218,MACRO,0.0455,0.6006,0.0056,0.4612
1668,MICRO,0.1348,0.2585,0.0755,0.2415
2680,DEMOGRAPHIC,0.0959,0.2314,0.0162,0.2189
2535,FINANCE,0.1322,0.2850,0.0485,0.2652
1986,INDUSTRY,0.1297,0.2837,0.0605,0.3228
2348,MACRO,0.0718,0.2426,0.0285,0.2377
1685,MICRO,0.1186,0.3025,0.0569,0.3073
2703,DEMOGRAPHIC,0.0801,0.1615,0.0198,0.1613
2571,FINANCE,0.0119,0.4021,0.0023,0.4055
2038,INDUSTRY,0.1640,0.1891,0.0717,0.1746
2516,MACRO,0.1336,0.3437,0.0238,0.3281
1788,MICRO,0.1033,0.1855,0.0539,0.1747
2756,DEMOGRAPHIC,0.1795,0.6145,0.0868,0.2902
2631,FINANCE,0.1098,0.4602,0.0403,0.4005
2031,INDUSTRY,0.1445,0.2077,0.0534,0.2143
2252,MACRO,0.1231,0.1994,0.0328,0.2061
1860,MICRO,0.0676,0.2612,0.0656,0.2173
2713,DEMOGRAPHIC,0.0384,0.3098,0.0070,0.3536
2544,FINANCE,0.0209,0.7561,0.0051,0.7229
2138,INDUSTRY,0.1368,0.2709,0.0558,0.2590
2399,MACRO,0.0412,0.4150,0.0131,0.3977
1595,MICRO,0.1651,0.2893,0.0792,0.2524
2760,DEMOGRAPHIC,0.2439,0.7044,0.0742,0.3405
2661,FINANCE,0.0514,0.2963,0.0179,0.2797
2199,INDUSTRY,0.1395,0.2747,0.0509,0.2612
2223,MACRO,0.0189,0.4751,0.0039,0.4904
1732,MICRO,0.0947,0.1588,0.0503,0.1539
2729,DEMOGRAPHIC,0.0425,0.4255,0.0154,0.4305
2638,FINANCE,0.1111,0.3689,0.0427,0.4111
2195,INDUSTRY,0.1061,0.1933,0.0449,0.1767
2446,MACRO,0.0546,0.3075,0.0292,0.3430
1409,MICRO,0.2008,0.2154,0.0743,0.2275
2773,DEMOGRAPHIC,0.0222,0.3566,0.0054,0.3437
2562,FINANCE,0.0226,0.2768,0.0057,0.2746
1890,INDUSTRY,0.0919,0.1477,0.0494,0.1437
2343,MACRO,0.0870,0.2018,0.0363,0.1795
1474,MICRO,0.1782,0.2422,0.0875,0.2046
2758,DEMOGRAPHIC,0.2143,1.0073,0.0342,0.3109
2608,FINANCE,0.0614,0.2400,0.0227,0.2460
2194,INDUSTRY,0.0704,0.2854,0.0248,0.2413
2380,MACRO,0.0660,0.5467,0.0222,0.5001
1874,MICRO,0.1780,0.3415,0.0683,0.3315
2732,DEMOGRAPHIC,0.0325,0.3121,0.0108,0.3212
2663,FINANCE,0.0240,0.2578,0.0078,0.2696
1959,INDUSTRY,0.0683,0.1481,0.0692,0.2496
2304,MACRO,0.0238,0.4196,0.0087,0.4027
1580,MICRO,0.1942,0.3915,0.0766,0.4055
2709,DEMOGRAPHIC,0.0227,0.2529,0.0225,0.2279
2541,FINANCE,0.0843,0.3204,0.0582,0.3267
2156,INDUSTRY,0.1146,0.2507,0.0462,0.2394
2326,MACRO,0.0377,0.3964,0.0069,0.3809
1661,MICRO,0.1943,0.3240,0.0900,0.2405
2668,DEMOGRAPHIC,0.1556,0.5229,0.0509,0.4556
2647,FINANCE,0.1234,0.3134,0.0659,0.1778
2010,INDUSTRY,0.1648,0.2803,0.0578,0.2869
2363,MACRO,0.0760,0.3167,0.0396,0.2326
1689,MICRO,0.0933,0.2872,0.0413,0.2771
2688,DEMOGRAPHIC,0.0978,0.4861,0.0350,0.3963
2575,FINANCE,0.1164,0.3000,0.0589,0.2812
2020,INDUSTRY,0.1657,0.3850,0.0381,0.4158
2259,MACRO,0.1105,0.3319,0.0198,0.2408
1655,MICRO,0.1648,0.2945,0.0648,0.2622
2704,DEMOGRAPHIC,0.0559,0.2568,0.0155,0.2299
2656,FINANCE,0.0694,0.3249,0.0407,0.2814
2133,INDUSTRY,0.0997,0.2340,0.0398,0.2420
2472,MACRO,0.1431,0.3016,0.0571,0.2463
1500,MICRO,0.1330,0.2503,0.0873,0.2280
2728,DEMOGRAPHIC,0.0266,0.3589,0.0091,0.3160
2610,FINANCE,0.1138,0.4348,0.0548,0.2190
2152,INDUSTRY,0.0539,0.3898,0.0266,0.4346
2263,MACRO,0.0653,0.4057,0.0227,0.2519
1780,MICRO,0.1013,0.1853,0.0594,0.1612
2721,DEMOGRAPHIC,0.0163,0.3925,0.0053,0.3821
2648,FINANCE,0.1209,0.2152,0.0388,0.1977
2110,INDUSTRY,0.2062,0.2679,0.0790,0.2736
2385,MACRO,0.0187,0.2854,0.0213,0.3841
1642,MICRO,0.2346,0.2476,0.0980,0.2602
2730,DEMOGRAPHIC,0.0218,0.4240,0.0079,0.3916
2588,FINANCE,0.0152,0.3181,0.0033,0.3703
1988,INDUSTRY,0.1464,0.2221,0.0509,0.2270
2486,MACRO,0.0973,0.3182,0.0125,0.2449
1441,MICRO,0.1051,0.2542,0.0695,0.2609
2766,DEMOGRAPHIC,0.2761,0.4163,0.0651,0.2903
2531,FINANCE,0.0437,0.3932,0.0163,0.3600
2093,INDUSTRY,0.1322,0.3859,0.0473,0.3693
2289,MACRO,0.0470,0.2552,0.0196,0.2263
1840,MICRO,0.1237,0.2630,0.0497,0.2838
2723,DEMOGRAPHIC,0.0286,0.4287,0.0087,0.4125
2551,FINANCE,0.0346,0.4713,0.0081,0.5213
1896,INDUSTRY,0.0336,0.1331,0.0327,0.1890
2496,MACRO,0.0885,0.1685,0.0375,0.1740
1716,MICRO,0.0877,0.1939,0.0661,0.1704
2691,DEMOGRAPHIC,0.0302,0.1933,0.0049,0.1927
2603,FINANCE,0.0977,0.4267,0.0462,0.3203
2077,INDUSTRY,0.1636,0.2783,0.0529,0.2482
2492,MACRO,0.1308,0.6269,0.0545,0.2493
1776,MICRO,0.1027,0.2766,0.0539,0.2406
2757,DEMOGRAPHIC,0.0333,0.2108,0.0121,0.1947
2540,FINANCE,0.1834,0.3090,0.0728,0.2730
2053,INDUSTRY,0.0414,0.1190,0.0441,0.1469
2278,MACRO,0.0886,0.3375,0.0328,0.3288
1534,MICRO,0.1345,0.2776,0.0657,0.2690
2738,DEMOGRAPHIC,0.0854,0.5260,0.0670,0.3214
2538,FINANCE,0.0795,0.2211,0.0424,0.2412
2017,INDUSTRY,0.1075,0.2509,0.0334,0.2012
2356,MACRO,0.0368,0.2471,0.0142,0.2501
1814,MICRO,0.0807,0.1823,0.0560,0.1994
2707,DEMOGRAPHIC,0.0551,0.2903,0.0241,0.2998
2619,FINANCE,0.0927,0.2261,0.0294,0.2517
2073,INDUSTRY,0.0698,0.1930,0.0320,0.2119
2405,MACRO,0.0767,0.3500,0.0220,0.3535
1549,MICRO,0.2015,0.3583,0.0764,0.3651
2743,DEMOGRAPHIC,0.0552,0.4447,0.0183,0.4880
2602,FINANCE,0.1584,0.1893,0.0576,0.1846
2126,INDUSTRY,0.1539,0.1732,0.0587,0.1985
2464,MACRO,0.0682,0.2128,0.0282,0.2342
1483,MICRO,0.0677,0.1559,0.0293,0.1572
2768,DEMOGRAPHIC,0.1362,0.1499,0.0304,0.0809
2612,FINANCE,0.0871,0.2120,0.0209,0.2312
2052,INDUSTRY,0.1595,0.2593,0.0571,0.2688
2475,MACRO,0.1204,0.1075,0.0559,0.1010
1669,MICRO,0.2161,0.2417,0.0932,0.2253
2762,DEMOGRAPHIC,0.2786,0.4590,0.0831,0.3710
2617,FINANCE,0.0825,0.1286,0.0328,0.1479
1979,INDUSTRY,0.1142,0.2131,0.0233,0.2191
2300,MACRO,0.0470,0.3648,0.0135,0.4133
1665,MICRO,0.1906,0.3499,0.0851,0.3339
2748,DEMOGRAPHIC,0.0504,0.3160,0.0210,0.3077
2533,FINANCE,0.1158,0.2053,0.0536,0.2167
1916,INDUSTRY,0.1277,0.2408,0.0480,0.2910
2425,MACRO,0.0327,0.2342,0.0127,0.2089
1806,MICRO,0.1731,0.3110,0.0759,0.2168
2701,DEMOGRAPHIC,0.0146,0.2931,0.0019,0.2877
2577,FINANCE,0.0313,0.1410,0.0224,0.1797
1974,INDUSTRY,0.0994,0.2389,0.0348,0.1894
2235,MACRO,0.0366,0.2216,0.0129,0.2125
1778,MICRO,0.0841,0.2360,0.0399,0.2299
2700,DEMOGRAPHIC,0.1129,0.3612,0.0458,0.2329
2572,FINANCE,0.0424,0.1163,0.0350,0.1783
2131,INDUSTRY,0.1324,0.2459,0.0528,0.2197
2375,MACRO,0.1162,0.5243,0.0250,0.4311
1547,MICRO,0.1535,0.2855,0.0770,0.2705
2673,DEMOGRAPHIC,0.1059,0.2017,0.0283,0.1666
2528,FINANCE,0.0406,0.3864,0.0163,0.3600
1902,INDUSTRY,0.0633,0.2180,0.0251,0.2164
2507,MACRO,0.0344,0.1994,0.0297,0.2300
1763,MICRO,0.0660,0.2862,0.0312,0.2782
2753,DEMOGRAPHIC,0.0694,0.3961,0.0240,0.3282
2637,FINANCE,0.1030,0.3956,0.0492,0.4576
2140,INDUSTRY,0.1137,0.2711,0.0651,0.3009
2246,MACRO,0.0691,0.2194,0.0268,0.1910
1863,MICRO,0.1513,0.2498,0.0657,0.2416
2770,DEMOGRAPHIC,0.0629,0.1927,0.0409,0.2365
2618,FINANCE,0.0734,0.2673,0.0229,0.2900
2057,INDUSTRY,0.0940,0.1871,0.0365,0.2102
2307,MACRO,0.0423,0.4820,0.0147,0.4105
1654,MICRO,0.1587,0.1806,0.0744,0.1978
2693,DEMOGRAPHIC,0.0309,0.2301,0.0020,0.2246
2614,FINANCE,0.1206,0.4763,0.0395,0.3634
2172,INDUSTRY,0.0806,0.2845,0.0585,0.2556
2482,MACRO,0.1104,0.2817,0.0439,0.2941
1834,MICRO,0.0764,0.2184,0.0331,0.2296
2696,DEMOGRAPHIC,0.0919,0.2402,0.0270,0.1862
2547,FINANCE,0.1214,0.2924,0.0642,0.2284
2046,INDUSTRY,0.0827,0.2260,0.0651,0.2035
2219,MACRO,0.0183,0.2488,0.0046,0.2467
1579,MICRO,0.1648,0.2346,0.0688,0.1630
2679,DEMOGRAPHIC,0.0747,0.3078,0.0272,0.3095
2641,FINANCE,0.2267,0.4723,0.0664,0.3323
2106,INDUSTRY,0.1043,0.2972,0.0469,0.2742
2424,MACRO,0.0908,0.4384,0.0200,0.2992
1591,MICRO,0.1431,0.3175,0.0572,0.3069
2776,DEMOGRAPHIC,0.0519,0.2527,0.0156,0.3098
2548,FINANCE,0.1196,0.3416,0.0524,0.2883
1990,INDUSTRY,0.1236,0.3015,0.0501,0.2729
2470,MACRO,0.0815,0.2012,0.0314,0.1690
1805,MICRO,0.0915,0.2410,0.0470,0.2552
2639,FINANCE,0.1579,0.2767,0.0458,0.1984
2148,INDUSTRY,0.0685,0.1106,0.0449,0.1316
2238,MACRO,0.0478,0.3391,0.0159,0.3352
1743,MICRO,0.1640,0.2379,0.0733,0.2189
2523,FINANCE,0.0258,0.2142,0.0053,0.2441
2016,INDUSTRY,0.0938,0.1977,0.0416,0.2477
2283,MACRO,0.0598,0.1682,0.0393,0.1017
1630,MICRO,0.0767,0.2764,0.0814,0.2572
2634,FINANCE,0.1073,0.3975,0.0374,0.4022
2095,INDUSTRY,0.1657,0.2478,0.0567,0.2302
2302,MACRO,0.0533,0.2822,0.0197,0.2617
1802,MICRO,0.0709,0.1440,0.0612,0.1655
2628,FINANCE,0.1117,0.4185,0.0351,0.3525
2175,INDUSTRY,0.1010,0.3142,0.0447,0.2680
2518,MACRO,0.0621,0.2472,0.0286,0.2210
1479,MICRO,0.1897,0.3088,0.0740,0.2948
2600,FINANCE,0.1102,0.3107,0.0495,0.2997
1945,INDUSTRY,0.1363,0.4265,0.0517,0.3732
2508,MACRO,0.0783,0.2876,0.0325,0.2395
1728,MICRO,0.1075,0.3372,0.0515,0.2909
2623,FINANCE,0.0937,0.0939,0.0483,0.1253
1899,INDUSTRY,0.0578,0.1636,0.0483,0.2155
2333,MACRO,0.0790,0.1377,0.0368,0.1327
1606,MICRO,0.1603,0.1416,0.0652,0.1344
2621,FINANCE,0.0735,0.3971,0.0193,0.4007
1967,INDUSTRY,0.0869,0.2087,0.0497,0.2285
2420,MACRO,0.0723,0.2267,0.0426,0.2292
1477,MICRO,0.0700,0.2270,0.0689,0.1858
2622,FINANCE,0.1007,0.2124,0.0383,0.2290
1881,INDUSTRY,0.1723,0.3893,0.0643,0.2017
2391,MACRO,0.1462,0.4371,0.0447,0.4438
1724,MICRO,0.1130,0.2452,0.0547,0.2399
2525,FINANCE,0.0389,0.3519,0.0071,0.3204
1935,INDUSTRY,0.1501,0.3022,0.0611,0.2917
2465,MACRO,0.0252,0.1551,0.0370,0.1901
1699,MICRO,0.0794,0.2658,0.0535,0.2055
2629,FINANCE,0.1137,0.1539,0.0360,0.2067
2196,INDUSTRY,0.0626,0.2580,0.0481,0.2586
2295,MACRO,0.0574,0.4440,0.0155,0.4621
1506,MICRO,0.1602,0.3196,0.0576,0.3164
2665,FINANCE,0.1185,0.2720,0.0580,0.2099
2119,INDUSTRY,0.0679,0.2267,0.0334,0.2193
2249,MACRO,0.0305,0.2985,0.0081,0.3009
1725,MICRO,0.1149,0.2175,0.0664,0.1918
2662,FINANCE,0.0304,0.2548,0.0224,0.3114
2208,INDUSTRY,0.0781,0.2965,0.0488,0.2856
2292,MACRO,0.1248,0.2479,0.0662,0.2322
1520,MICRO,0.2080,0.2579,0.0820,0.2495
2635,FINANCE,0.1030,0.3992,0.0432,0.2959
2040,INDUSTRY,0.1356,0.3614,0.0587,0.2008
2237,MACRO,0.0390,0.2352,0.0124,0.2301
1721,MICRO,0.1544,0.3962,0.0602,0.3481
2654,FINANCE,0.1422,0.4621,0.0732,0.2889
1883,INDUSTRY,0.0407,0.4593,0.0202,0.3566
2286,MACRO,0.1036,0.1996,0.0397,0.2188
1741,MICRO,0.1387,0.2975,0.0773,0.2271
2633,FINANCE,0.1398,0.1842,0.0387,0.2027
2158,INDUSTRY,0.1005,0.5717,0.0478,0.3935
2354,MACRO,0.0970,0.2483,0.0381,0.2484
1610,MICRO,0.2056,0.3030,0.0812,0.2946
2585,FINANCE,0.0695,0.3192,0.0124,0.2870
1925,INDUSTRY,0.0970,0.1902,0.0458,0.2223
2258,MACRO,0.0629,0.3022,0.0193,0.2814
1619,MICRO,0.1574,0.2313,0.0627,0.2410
2597,FINANCE,0.1580,0.3829,0.0614,0.3434
2086,INDUSTRY,0.1058,0.1731,0.0562,0.2213
2377,MACRO,0.0859,0.2772,0.0329,0.2284
1604,MICRO,0.1189,0.3276,0.0656,0.2982
2658,FINANCE,0.1269,0.6562,0.0466,0.4354
2144,INDUSTRY,0.0508,0.4000,0.0195,0.3783
2358,MACRO,0.0459,0.4225,0.0164,0.4176
1543,MICRO,0.1409,0.1373,0.0620,0.1303
2644,FINANCE,0.1486,0.4853,0.0582,0.3726
2185,INDUSTRY,0.1427,0.3319,0.0658,0.3154
2339,MACRO,0.0444,0.1572,0.0322,0.1667
1546,MICRO,0.1687,0.5261,0.0687,0.3067
2534,FINANCE,0.1387,0.1641,0.0467,0.2424
2006,INDUSTRY,0.1740,0.1956,0.0564,0.2129
2455,MACRO,0.1138,0.2047,0.0662,0.2002
1640,MICRO,0.1828,0.3486,0.0866,0.1943
2615,FINANCE,0.0893,0.3544,0.0235,0.3325
2114,INDUSTRY,0.1339,0.3386,0.0605,0.2866
2519,MACRO,0.0503,0.3130,0.0084,0.3150
1507,MICRO,0.1883,0.2204,0.0797,0.2313
2620,FINANCE,0.0990,0.4025,0.0359,0.3010
1895,INDUSTRY,0.1010,0.1677,0.0486,0.1384
2275,MACRO,0.0532,0.2367,0.0089,0.2365
1466,MICRO,0.1929,0.2722,0.0787,0.2726
2664,FINANCE,0.1454,0.2711,0.0706,0.2397
2171,INDUSTRY,0.0924,0.2940,0.0360,0.2916
2406,MACRO,0.0846,0.2778,0.0308,0.2677
1839,MICRO,0.0886,0.4863,0.0379,0.3199
2592,FINANCE,0.0147,0.4494,0.0013,0.4406
2162,INDUSTRY,0.1772,0.2904,0.0687,0.2578
2334,MACRO,0.0490,0.2441,0.0333,0.2607
1605,MICRO,0.1376,0.1876,0.0573,0.1799
2545,FINANCE,0.0184,0.2233,0.0055,0.2380
1987,INDUSTRY,0.1641,0.1808,0.0701,0.1927
2309,MACRO,0.0359,0.3157,0.0141,0.2980
1529,MICRO,0.2038,0.2468,0.0894,0.2351
2566,FINANCE,0.0143,0.3338,0.0016,0.3267
2071,INDUSTRY,0.0929,0.2769,0.0445,0.2418
2374,MACRO,0.0726,0.3085,0.0307,0.3278
1408,MICRO,0.1697,0.2347,0.0689,0.2566
2646,FINANCE,0.1498,0.4295,0.0633,0.4473
1991,INDUSTRY,0.1033,0.3029,0.0446,0.2861
2474,MACRO,0.0179,0.4570,0.0044,0.4177
1692,MICRO,0.0765,0.2104,0.0465,0.2354
2649,FINANCE,0.0687,0.4248,0.0042,0.3943
2117,INDUSTRY,0.2318,0.3470,0.0887,0.3404
2490,MACRO,0.0770,0.2547,0.0207,0.3158
1675,MICRO,0.1443,0.3423,0.0576,0.2821
2593,FINANCE,0.0814,0.2912,0.0165,0.1896
2165,INDUSTRY,0.1766,0.2770,0.0751,0.2687
2226,MACRO,0.0374,0.2722,0.0133,0.2724
1613,MICRO,0.2075,0.2182,0.0852,0.2124
2650,FINANCE,0.1468,0.3723,0.0405,0.3818
2009,INDUSTRY,0.1029,0.2524,0.0498,0.2367
2452,MACRO,0.1178,0.3884,0.0519,0.2642
1682,MICRO,0.0837,0.3290,0.0750,0.3099
2613,FINANCE,0.0800,0.2732,0.0352,0.2626
1906,INDUSTRY,0.0319,0.0316,0.0111,0.0376
2215,MACRO,0.1133,0.1707,0.0673,0.1782
1826,MICRO,0.1604,0.2661,0.0661,0.2544
2526,FINANCE,0.0266,0.4147,0.0081,0.4863
1927,INDUSTRY,0.1452,0.3638,0.0601,0.3057
2229,MACRO,0.0589,0.2860,0.0260,0.2525
1450,MICRO,0.1397,0.3077,0.0698,0.1999
2616,FINANCE,0.0750,0.2677,0.0220,0.2818
1981,INDUSTRY,0.1634,0.3362,0.0647,0.2951
2390,MACRO,0.0544,0.3285,0.0152,0.4774
1533,MICRO,0.1633,0.2561,0.0757,0.2334
2122,INDUSTRY,0.0748,0.2029,0.0607,0.1989
2428,MACRO,0.0967,0.3179,0.0211,0.3874
1620,MICRO,0.2124,0.3110,0.0781,0.3119
1898,INDUSTRY,0.0973,0.1729,0.0371,0.1729
2506,MACRO,0.1236,0.4774,0.0559,0.4149
1614,MICRO,0.1694,0.4181,0.0692,0.3678
1931,INDUSTRY,0.0950,0.3457,0.0390,0.2959
2213,MACRO,0.0229,0.2237,0.0064,0.2286
1684,MICRO,0.0875,0.2858,0.0494,0.2568
1934,INDUSTRY,0.1019,0.2206,0.0371,0.2249
2511,MACRO,0.0595,0.1760,0.0451,0.1776
1451,MICRO,0.0948,0.3379,0.0620,0.3227
2078,INDUSTRY,0.0855,0.1843,0.0419,0.2116
2349,MACRO,0.1774,0.3724,0.0440,0.2862
1664,MICRO,0.1812,0.2635,0.0716,0.2531
2085,INDUSTRY,0.1013,0.1271,0.0471,0.1392
2231,MACRO,0.0697,0.1373,0.0391,0.1091
1828,MICRO,0.1230,0.2414,0.0691,0.2247
1984,INDUSTRY,0.1525,0.1986,0.0568,0.2070
2416,MACRO,0.1012,0.3293,0.0544,0.2739
1570,MICRO,0.1369,0.2478,0.0687,0.2048
2182,INDUSTRY,0.0534,0.3083,0.0039,0.3248
2217,MACRO,0.0376,0.1974,0.0191,0.2446
1526,MICRO,0.1428,0.2863,0.0690,0.2515
2084,INDUSTRY,0.1778,0.2717,0.0676,0.2502
2489,MACRO,0.0536,0.3802,0.0158,0.3373
1867,MICRO,0.0993,0.2552,0.0635,0.2214
2004,INDUSTRY,0.0813,0.6839,0.0374,0.5581
2336,MACRO,0.1174,0.2329,0.0627,0.2162
1846,MICRO,0.0841,0.3299,0.0375,0.3173
1952,INDUSTRY,0.1735,0.5247,0.0792,0.3231
2485,MACRO,0.0349,0.6117,0.0028,0.6162
1513,MICRO,0.2222,0.2190,0.0829,0.2083
2049,INDUSTRY,0.0775,0.2287,0.0340,0.2278
2243,MACRO,0.0462,0.3243,0.0191,0.3194
1813,MICRO,0.0877,0.1745,0.0680,0.1811
2187,INDUSTRY,0.0801,0.2220,0.0609,0.1892
2468,MACRO,0.0329,0.1537,0.0309,0.2010
1459,MICRO,0.1370,0.2144,0.0627,0.2152
2072,INDUSTRY,0.0526,0.1347,0.0392,0.1738
2222,MACRO,0.0530,0.3299,0.0210,0.3156
1621,MICRO,0.0951,0.3893,0.0681,0.3336
2193,INDUSTRY,0.0927,0.1754,0.0751,0.2133
2329,MACRO,0.0652,0.1814,0.0373,0.2119
1759,MICRO,0.1514,0.2670,0.0635,0.2408
2082,INDUSTRY,0.0991,0.1365,0.0447,0.1529
2315,MACRO,0.0736,0.6165,0.0217,0.7314
1571,MICRO,0.1902,0.2441,0.0781,0.2216
1938,INDUSTRY,0.1833,0.2607,0.0725,0.2281
2276,MACRO,0.0525,0.2491,0.0095,0.2020
1790,MICRO,0.0852,0.1835,0.0601,0.2398
1937,INDUSTRY,0.1349,0.2671,0.0696,0.2576
2288,MACRO,0.0356,0.3667,0.0136,0.2570
1612,MICRO,0.1269,0.3151,0.0478,0.3225
1947,INDUSTRY,0.1152,0.1991,0.0424,0.1973
2439,MACRO,0.2031,0.3867,0.0512,0.2811
1680,MICRO,0.0732,0.3951,0.0620,0.2422
2134,INDUSTRY,0.1120,0.2155,0.0519,0.2145
2497,MACRO,0.0577,0.1373,0.0361,0.2397
1849,MICRO,0.1601,0.2608,0.0751,0.2567
2063,INDUSTRY,0.0959,0.1986,0.0404,0.2223
2361,MACRO,0.0406,0.4020,0.0155,0.4199
1454,MICRO,0.2169,0.2160,0.0866,0.2112
2075,INDUSTRY,0.0784,0.1712,0.0482,0.1782
2449,MACRO,0.0871,0.2063,0.0578,0.1892
1599,MICRO,0.1080,0.2453,0.0424,0.2428
1944,INDUSTRY,0.1285,0.2608,0.0497,0.2570
2453,MACRO,0.1521,0.2143,0.0572,0.4594
1576,MICRO,0.1476,0.3004,0.0634,0.2804
1907,INDUSTRY,0.0796,0.1199,0.0322,0.1442
2384,MACRO,0.1410,0.3214,0.0453,0.1979
1793,MICRO,0.1223,0.3458,0.0539,0.3427
2089,INDUSTRY,0.1071,0.1265,0.0503,0.0891
2284,MACRO,0.0828,0.2736,0.0166,0.2671
1494,MICRO,0.1936,0.2270,0.0684,0.2231
1917,INDUSTRY,0.1605,0.3489,0.0579,0.3525
2328,MACRO,0.0547,0.3118,0.0325,0.1918
1623,MICRO,0.1968,0.2447,0.0838,0.2533
2011,INDUSTRY,0.1787,0.1855,0.0669,0.2847
2413,MACRO,0.0827,0.1779,0.0353,0.1733
1690,MICRO,0.0916,0.3077,0.0427,0.2980
2047,INDUSTRY,0.1446,0.6676,0.0564,0.4289
2324,MACRO,0.0785,0.3330,0.0139,0.2774
1755,MICRO,0.0754,0.1881,0.0585,0.2178
2116,INDUSTRY,0.1042,0.2479,0.0630,0.2898
2456,MACRO,0.1264,0.2187,0.0555,0.2044
1731,MICRO,0.0844,0.2849,0.0435,0.2985
1932,INDUSTRY,0.0945,0.3748,0.0407,0.3825
2330,MACRO,0.1331,0.2647,0.0735,0.2382
1764,MICRO,0.1070,0.3373,0.0520,0.3141
2036,INDUSTRY,0.1321,0.5111,0.0487,0.4578
2510,MACRO,0.1320,0.2045,0.0518,0.1745
1554,MICRO,0.1002,0.2686,0.0449,0.2481
1941,INDUSTRY,0.1312,0.1977,0.0494,0.1801
2423,MACRO,0.1346,0.3371,0.0653,0.3012
1493,MICRO,0.1703,0.2263,0.0745,0.2135
2101,INDUSTRY,0.0753,0.1613,0.0457,0.1761
2214,MACRO,0.0159,0.4215,0.0019,0.4156
1615,MICRO,0.1406,0.2344,0.0713,0.1915
2136,INDUSTRY,0.1745,0.3827,0.0678,0.3629
2419,MACRO,0.0804,0.2155,0.0346,0.2112
1519,MICRO,0.1589,0.3225,0.0713,0.2758
1960,INDUSTRY,0.0408,0.1779,0.0694,0.2776
2409,MACRO,0.1201,0.4314,0.0419,0.5123
1815,MICRO,0.1304,0.4238,0.0597,0.4152
2155,INDUSTRY,0.0976,0.3554,0.0378,0.3582
2499,MACRO,0.0920,0.2072,0.0640,0.2003
1646,MICRO,0.2581,0.2495,0.1010,0.2458
2043,INDUSTRY,0.0835,0.2550,0.0339,0.2485
2473,MACRO,0.0479,0.1732,0.0208,0.1677
1509,MICRO,0.2122,0.2687,0.0825,0.2724
2007,INDUSTRY,0.0764,0.2139,0.0353,0.2183
2294,MACRO,0.0707,0.3893,0.0246,0.3748
1824,MICRO,0.1011,0.2586,0.0741,0.2443
2023,INDUSTRY,0.0914,0.2843,0.0363,0.2765
2228,MACRO,0.0266,0.4051,0.0098,0.3962
1524,MICRO,0.1471,0.2320,0.0598,0.2244
2201,INDUSTRY,0.0939,0.3420,0.0620,0.3136
2341,MACRO,0.0945,0.2365,0.0494,0.2290
1652,MICRO,0.0613,0.2629,0.0629,0.3355
1879,INDUSTRY,0.1782,0.2918,0.0653,0.3014
2433,MACRO,0.0979,0.3224,0.0405,0.3260
1648,MICRO,0.1955,0.2739,0.0732,0.3132
2206,INDUSTRY,0.0698,0.3002,0.0502,0.2605
2483,MACRO,0.1335,0.3519,0.0488,0.3226
1833,MICRO,0.1340,0.2590,0.0518,0.2481
1939,INDUSTRY,0.1591,0.2973,0.0790,0.2694
2262,MACRO,0.0900,0.2604,0.0164,0.2279
1875,MICRO,0.1344,0.3478,0.0546,0.3697
2039,INDUSTRY,0.1525,0.3844,0.0436,0.3107
2397,MACRO,0.1187,0.2920,0.0257,0.3342
1657,MICRO,0.1690,0.2405,0.0987,0.2133
2168,INDUSTRY,0.1398,0.4985,0.0604,0.3978
2244,MACRO,0.0442,0.2023,0.0158,0.1951
1695,MICRO,0.1022,0.4108,0.0446,0.3961
2041,INDUSTRY,0.1125,0.1941,0.0515,0.1977
2241,MACRO,0.0924,0.2295,0.0533,0.1863
1427,MICRO,0.1661,0.3270,0.0882,0.2844
1922,INDUSTRY,0.1662,0.2141,0.0588,0.1971
2322,MACRO,0.0219,0.2673,0.0079,0.2729
1552,MICRO,0.1686,0.2676,0.0721,0.2216
2188,INDUSTRY,0.1205,0.2826,0.0643,0.2297
2279,MACRO,0.1255,0.2432,0.0303,0.2228
1825,MICRO,0.1191,0.2671,0.0473,0.2693
2112,INDUSTRY,0.1201,0.2898,0.0624,0.2286
2461,MACRO,0.0624,0.5466,0.0257,0.4946
1853,MICRO,0.1397,0.3192,0.0700,0.2630
1880,INDUSTRY,0.0883,0.4237,0.0220,0.2846
2398,MACRO,0.0997,0.2186,0.0222,0.1897
1472,MICRO,0.1890,0.2277,0.0797,0.2331
1886,INDUSTRY,0.1977,0.2006,0.0754,0.1660
2387,MACRO,0.0626,0.5200,0.0242,0.5052
1588,MICRO,0.0927,0.2012,0.0404,0.2497
2033,INDUSTRY,0.0658,0.2629,0.0420,0.2731
2430,MACRO,0.1142,0.3027,0.0456,0.2442
1403,MICRO,0.2131,0.2765,0.0820,0.2722
2164,INDUSTRY,0.1020,0.2020,0.0605,0.2024
2253,MACRO,0.0634,0.3674,0.0245,0.3160
1868,MICRO,0.1768,0.2151,0.0765,0.2016
2027,INDUSTRY,0.1618,0.2818,0.0562,0.1954
2245,MACRO,0.0660,0.3906,0.0272,0.3795
1429,MICRO,0.1482,0.3600,0.0625,0.3161
1905,INDUSTRY,0.1192,0.2953,0.0543,0.3142
2225,MACRO,0.1564,0.4003,0.0619,0.4283
1407,MICRO,0.1776,0.2274,0.0728,0.2206
1889,INDUSTRY,0.1216,0.1347,0.0574,0.1529
2351,MACRO,0.0702,0.2498,0.0272,0.2181
1774,MICRO,0.0830,0.1899,0.0557,0.1608
1973,INDUSTRY,0.1192,0.2268,0.0603,0.2186
2502,MACRO,0.0768,0.2439,0.0263,0.2356
1469,MICRO,0.1334,0.2341,0.0599,0.2023
1966,INDUSTRY,0.0839,0.2023,0.0542,0.1893
2266,MACRO,0.0710,0.2652,0.0306,0.3014
1777,MICRO,0.1178,0.0819,0.0623,0.0785
1999,INDUSTRY,0.1591,0.2314,0.0541,0.2494
2442,MACRO,0.0556,0.4028,0.0168,0.4260
1485,MICRO,0.0827,0.2621,0.0382,0.2444
1949,INDUSTRY,0.1486,0.2819,0.0572,0.2926
2411,MACRO,0.0641,0.1352,0.0377,0.2090
1795,MICRO,0.0606,0.2195,0.0531,0.2059
2159,INDUSTRY,0.1156,0.4961,0.0433,0.4346
2521,MACRO,0.2111,0.2822,0.0821,0.2758
1835,MICRO,0.1291,0.2588,0.0848,0.2616
2079,INDUSTRY,0.1105,0.2593,0.0413,0.2555
2254,MACRO,0.0818,0.2290,0.0356,0.2281
1639,MICRO,0.1942,0.2300,0.0719,0.2397
2173,INDUSTRY,0.1093,0.2453,0.0548,0.2352
2498,MACRO,0.0433,0.2444,0.0415,0.2116
1498,MICRO,0.0925,0.2138,0.0575,0.1982
2094,INDUSTRY,0.1015,0.3243,0.0323,0.3051
2422,MACRO,0.1076,0.2420,0.0454,0.2178
1625,MICRO,0.2390,0.2515,0.0915,0.2455
2029,INDUSTRY,0.1346,0.2447,0.0505,0.2220
2347,MACRO,0.0485,0.2610,0.0197,0.2617
1422,MICRO,0.1535,0.3077,0.0844,0.2859
2002,INDUSTRY,0.1899,0.1988,0.0657,0.1814
2221,MACRO,0.0640,0.4297,0.0258,0.4206
1658,MICRO,0.1277,0.1927,0.0720,0.1919
2056,INDUSTRY,0.0667,0.2197,0.0430,0.2171
2313,MACRO,0.0474,0.2844,0.0131,0.2176
1457,MICRO,0.2336,0.2781,0.0947,0.2675
2147,INDUSTRY,0.1070,0.2352,0.0578,0.2280
2227,MACRO,0.0651,0.3056,0.0262,0.2798
1442,MICRO,0.2397,0.2341,0.0970,0.2535
1892,INDUSTRY,0.0777,0.1534,0.0465,0.1444
2342,MACRO,0.0745,0.4998,0.0298,0.4114
1476,MICRO,0.1172,0.2476,0.0516,0.2290
1911,INDUSTRY,0.1200,0.2621,0.0534,0.2155
2297,MACRO,0.0373,0.3520,0.0122,0.2438
1843,MICRO,0.1184,0.2586,0.0477,0.2965
2058,INDUSTRY,0.1707,0.4802,0.0622,0.4011
2500,MACRO,0.0485,0.2016,0.0198,0.2025
1638,MICRO,0.1551,0.2383,0.0717,0.2060
1992,INDUSTRY,0.1058,0.2516,0.0244,0.2313
2277,MACRO,0.1137,0.1449,0.0614,0.1386
1710,MICRO,0.0870,0.2573,0.0503,0.2605
1918,INDUSTRY,0.1458,0.2721,0.0468,0.2839
2414,MACRO,0.0654,0.2923,0.0245,0.2883
1420,MICRO,0.1409,0.2575,0.0882,0.2219
1977,INDUSTRY,0.0743,0.1796,0.0425,0.1788
2211,MACRO,0.0125,0.3680,0.0025,0.3560
1848,MICRO,0.1142,0.2593,0.0531,0.2041
2129,INDUSTRY,0.1553,0.3711,0.0516,0.3090
2427,MACRO,0.0698,0.4809,0.0308,0.4626
1819,MICRO,0.0983,0.3135,0.0450,0.3122
2015,INDUSTRY,0.0886,0.2789,0.0313,0.2434
2345,MACRO,0.0475,0.2955,0.0339,0.2421
1656,MICRO,0.1812,0.3206,0.0983,0.2808
1998,INDUSTRY,0.1655,0.2104,0.0752,0.2015
2435,MACRO,0.1056,0.3108,0.0480,0.2759
1632,MICRO,0.2288,0.3843,0.0870,0.3355
2163,INDUSTRY,0.0841,0.1936,0.0585,0.1894
2401,MACRO,0.1520,0.4373,0.0389,0.2821
1577,MICRO,0.1612,0.2231,0.0630,0.1778
1965,INDUSTRY,0.1462,0.2787,0.0623,0.2920
2296,MACRO,0.0902,0.2982,0.0387,0.2277
1803,MICRO,0.0894,0.2073,0.0795,0.2201
1909,INDUSTRY,0.0687,0.1897,0.0417,0.1856
2438,MACRO,0.1521,0.4221,0.0499,0.4423
1841,MICRO,0.0926,0.2127,0.0546,0.1947
2115,INDUSTRY,0.1701,0.3285,0.0672,0.3028
2517,MACRO,0.0219,0.3689,0.0058,0.3560
1448,MICRO,0.0780,0.2415,0.0320,0.2542
2080,INDUSTRY,0.1058,0.2212,0.0379,0.2242
2454,MACRO,0.1301,0.2095,0.0706,0.2199
1467,MICRO,0.1913,0.2926,0.0750,0.2766
2170,INDUSTRY,0.1831,0.3287,0.0611,0.3110
2460,MACRO,0.0495,0.2152,0.0390,0.1681
1818,MICRO,0.0817,0.3237,0.0495,0.3042
2069,INDUSTRY,0.1526,0.2013,0.0675,0.2141
2372,MACRO,0.0616,0.2188,0.0169,0.1976
1537,MICRO,0.1618,0.3150,0.0676,0.3260
1885,INDUSTRY,0.0958,0.4983,0.0342,0.3433
2495,MACRO,0.0577,0.2793,0.0187,0.3287
1518,MICRO,0.1065,0.3011,0.0723,0.2442
1957,INDUSTRY,0.0789,0.1952,0.0586,0.2305
2335,MACRO,0.0518,0.1835,0.0449,0.2020
1567,MICRO,0.1455,0.2762,0.0591,0.2682
1968,INDUSTRY,0.0905,0.2543,0.0557,0.2552
2429,MACRO,0.1080,0.2827,0.0382,0.2708
1419,MICRO,0.1728,0.2964,0.0710,0.2977
2054,INDUSTRY,0.1183,0.2332,0.0555,0.2391
2462,MACRO,0.0400,0.5222,0.0145,0.5068
1553,MICRO,0.0954,0.2691,0.0433,0.2653
1976,INDUSTRY,0.1088,0.1263,0.0433,0.1264
2260,MACRO,0.0818,0.4372,0.0171,0.3436
1870,MICRO,0.1736,0.2492,0.0702,0.2304
2083,INDUSTRY,0.1251,0.2326,0.0406,0.2420
2410,MACRO,0.0225,0.5704,0.0075,0.5889
1425,MICRO,0.1038,0.2756,0.0779,0.2189
1978,INDUSTRY,0.1008,0.2261,0.0307,0.2174
2233,MACRO,0.0584,0.2364,0.0220,0.2207
1559,MICRO,0.1059,0.2136,0.0468,0.2016
1921,INDUSTRY,0.1555,0.2669,0.0700,0.2322
2261,MACRO,0.0729,0.2319,0.0207,0.2280
1688,MICRO,0.0966,0.3401,0.0521,0.2935
2024,INDUSTRY,0.1378,0.2552,0.0535,0.2090
2515,MACRO,0.1853,0.3805,0.0456,0.5808
1837,MICRO,0.1089,0.2841,0.0480,0.2777
2113,INDUSTRY,0.1115,0.3329,0.0488,0.2056
2306,MACRO,0.0554,0.4460,0.0207,0.3732
1471,MICRO,0.1371,0.2280,0.0763,0.2500
2012,INDUSTRY,0.0755,0.2179,0.0324,0.2212
2393,MACRO,0.0605,0.2104,0.0220,0.1486
1740,MICRO,0.1931,0.2586,0.0812,0.2369
2137,INDUSTRY,0.1502,0.3399,0.0478,0.1874
2325,MACRO,0.0256,0.2908,0.0062,0.2946
1585,MICRO,0.1021,0.2709,0.0547,0.2917
1962,INDUSTRY,0.1837,0.2764,0.0714,0.2221
2404,MACRO,0.0817,0.2598,0.0265,0.2966
1663,MICRO,0.2043,0.3469,0.0851,0.3218
2051,INDUSTRY,0.1179,0.3680,0.0570,0.3483
2367,MACRO,0.0615,0.2642,0.0233,0.2589
1433,MICRO,0.0981,0.2383,0.0489,0.2157
2035,INDUSTRY,0.1886,0.3005,0.0832,0.2492
2255,MACRO,0.0682,0.0882,0.0213,0.4946
1491,MICRO,0.1389,0.2958,0.0568,0.2809
2209,INDUSTRY,0.0989,0.2059,0.0509,0.1956
2331,MACRO,0.1580,0.3181,0.0710,0.2758
1810,MICRO,0.0836,0.1920,0.0437,0.1777
2068,INDUSTRY,0.1149,0.2252,0.0430,0.1749
2280,MACRO,0.1094,0.3382,0.0400,0.2590
1449,MICRO,0.2031,0.2839,0.0786,0.2845
1930,INDUSTRY,0.1574,0.2731,0.0665,0.2478
2248,MACRO,0.0901,0.2051,0.0120,0.1957
1715,MICRO,0.0897,0.1639,0.0493,0.1818
2118,INDUSTRY,0.1271,0.2509,0.0594,0.1770
2265,MACRO,0.0898,0.2905,0.0407,0.2395
1681,MICRO,0.0932,0.3838,0.0449,0.3451
2001,INDUSTRY,0.1633,0.2310,0.0651,0.2159
2408,MACRO,0.1101,0.3113,0.0377,0.3455
1842,MICRO,0.1474,0.2413,0.0596,0.2302
1955,INDUSTRY,0.1305,0.1913,0.0695,0.1846
2268,MACRO,0.0765,0.1635,0.0338,0.1353
1679,MICRO,0.1441,0.2264,0.0755,0.2294
2120,INDUSTRY,0.1119,0.3104,0.0566,0.3219
2444,MACRO,0.1199,0.3409,0.0427,0.1858
1746,MICRO,0.1459,0.2371,0.0609,0.2105
2088,INDUSTRY,0.0954,0.1166,0.0502,0.0891
2501,MACRO,0.0537,0.2289,0.0178,0.2247
1499,MICRO,0.0789,0.2440,0.0795,0.2124
1928,INDUSTRY,0.1155,0.3622,0.0433,0.3027
2488,MACRO,0.0424,0.2642,0.0059,0.2595
1501,MICRO,0.0677,0.2153,0.0458,0.2104
2090,INDUSTRY,0.1387,0.1932,0.0647,0.1626
2303,MACRO,0.0732,0.3216,0.0184,0.2734
1713,MICRO,0.0890,0.2388,0.0604,0.1773
2048,INDUSTRY,0.1031,0.2468,0.0367,0.2338
2269,MACRO,0.0663,0.3832,0.0278,0.3617
1440,MICRO,0.1912,0.3727,0.0943,0.2782
1940,INDUSTRY,0.0711,0.2914,0.0401,0.2723
2216,MACRO,0.0216,0.3351,0.0075,0.3262
1404,MICRO,0.1452,0.2727,0.0657,0.2472
2061,INDUSTRY,0.0693,0.1855,0.0552,0.2327
2236,MACRO,0.0307,0.2415,0.0120,0.2400
1686,MICRO,0.0548,0.1990,0.0522,0.2111
1897,INDUSTRY,0.1020,0.2362,0.0424,0.2096
2484,MACRO,0.0434,0.1226,0.0327,0.1578
1439,MICRO,0.1947,0.2418,0.0727,0.2357
1948,INDUSTRY,0.0963,0.4938,0.0313,0.4916
2378,MACRO,0.1051,0.5671,0.0218,0.6297
1566,MICRO,0.1266,0.2780,0.0547,0.2661
1954,INDUSTRY,0.1185,0.3888,0.0438,0.2973
2232,MACRO,0.0647,0.2647,0.0245,0.2015
1617,MICRO,0.1094,0.2726,0.0836,0.1640
2151,INDUSTRY,0.0653,0.1534,0.0318,0.1918
2273,MACRO,0.0577,0.4006,0.0228,0.3272
1517,MICRO,0.1981,0.2531,0.0823,0.2413
1936,INDUSTRY,0.1962,0.2269,0.0803,0.2190
2247,MACRO,0.0756,0.3157,0.0330,0.2613
1428,MICRO,0.1135,0.2425,0.0800,0.2379
1971,INDUSTRY,0.1005,0.2479,0.0491,0.1907
2395,MACRO,0.1068,0.1807,0.0377,0.2797
1528,MICRO,0.1635,0.2260,0.0719,0.2090
1878,INDUSTRY,0.0857,0.2503,0.0634,0.2292
2383,MACRO,0.1039,0.4537,0.0381,0.4145
1701,MICRO,0.1634,0.2912,0.0601,0.2481
1912,INDUSTRY,0.0872,0.1286,0.0410,0.1253
2365,MACRO,0.0536,0.4285,0.0202,0.4579
1729,MICRO,0.0784,0.1591,0.0482,0.1525
2146,INDUSTRY,0.0833,0.1240,0.0430,0.1261
2317,MACRO,0.0187,0.3567,0.0047,0.3507
1781,MICRO,0.1734,0.2277,0.0687,0.2364
2018,INDUSTRY,0.1237,0.3392,0.0532,0.2506
2210,MACRO,0.0114,0.4122,0.0023,0.4016
1855,MICRO,0.1326,0.3090,0.0788,0.3201
1919,INDUSTRY,0.1496,0.2323,0.0560,0.2227
2316,MACRO,0.1208,0.5093,0.0321,0.2518
1504,MICRO,0.1735,0.2421,0.0629,0.2473
2081,INDUSTRY,0.1411,0.4597,0.0551,0.4345
2448,MACRO,0.1151,0.3845,0.0469,0.3059
1431,MICRO,0.1704,0.3147,0.0664,0.3334
2062,INDUSTRY,0.1093,0.3524,0.0716,0.3605
2293,MACRO,0.0635,0.3215,0.0211,0.3013
1598,MICRO,0.1490,0.2160,0.0574,0.2164
1943,INDUSTRY,0.1236,0.4881,0.0567,0.3922
2256,MACRO,0.1100,0.5379,0.0215,0.5613
1845,MICRO,0.1068,0.3539,0.0454,0.3337
2030,INDUSTRY,0.1424,0.2144,0.0534,0.2299
2290,MACRO,0.1455,0.3243,0.0568,0.3014
1626,MICRO,0.1455,0.3051,0.0654,0.3064
2169,INDUSTRY,0.1840,0.4486,0.0904,0.2997
2344,MACRO,0.1341,0.2391,0.0470,0.2305
1629,MICRO,0.2183,0.3487,0.0940,0.3093
2019,INDUSTRY,0.0925,0.4974,0.0387,0.4121
2421,MACRO,0.0932,0.2511,0.0398,0.2700
1484,MICRO,0.1434,0.3514,0.0561,0.3327
1904,INDUSTRY,0.1056,0.0981,0.0381,0.0978
2239,MACRO,0.1038,0.2140,0.0294,0.1986
1796,MICRO,0.1178,0.1902,0.0591,0.1756
1953,INDUSTRY,0.1447,0.3342,0.0584,0.3038
2352,MACRO,0.0972,0.2280,0.0292,0.2033
1542,MICRO,0.1600,0.3361,0.0639,0.3229
1923,INDUSTRY,0.1311,0.2257,0.0633,0.2275
2318,MACRO,0.0331,0.2640,0.0078,0.2813
1865,MICRO,0.1990,0.1816,0.0769,0.1513
1926,INDUSTRY,0.1101,0.2675,0.0387,0.2414
2505,MACRO,0.0904,0.3656,0.0290,0.3311
1771,MICRO,0.1791,0.2809,0.0792,0.2641
2145,INDUSTRY,0.1365,0.2168,0.0554,0.2330
2230,MACRO,0.1382,0.4053,0.0581,0.3877
1857,MICRO,0.1546,0.2714,0.0609,0.2890
2005,INDUSTRY,0.0928,0.1622,0.0412,0.1461
2478,MACRO,0.0920,0.1891,0.0443,0.1697
1516,MICRO,0.1729,0.2121,0.0652,0.2035
2189,INDUSTRY,0.1041,0.3887,0.0349,0.3970
2504,MACRO,0.0411,0.0739,0.0493,0.1504
1785,MICRO,0.1702,0.2228,0.0671,0.2041
2190,INDUSTRY,0.1234,0.4009,0.0487,0.3773
2471,MACRO,0.0519,0.1080,0.0437,0.0921
1705,MICRO,0.1531,0.3446,0.0864,0.3214
2191,INDUSTRY,0.1278,0.3783,0.0497,0.3823
2274,MACRO,0.1290,0.3179,0.0691,0.2966
1592,MICRO,0.1344,0.4389,0.0509,0.4214
2098,INDUSTRY,0.0387,0.2329,0.0142,0.2435
2281,MACRO,0.1174,0.1684,0.0506,0.1688
1757,MICRO,0.1127,0.2720,0.0599,0.2550
2150,INDUSTRY,0.0443,0.2520,0.0136,0.2354
2447,MACRO,0.1225,0.2822,0.0303,0.2261
1636,MICRO,0.1100,0.2045,0.0799,0.1941
1914,INDUSTRY,0.0883,0.1642,0.0514,0.2099
2389,MACRO,0.1260,0.2771,0.0386,0.3770
1539,MICRO,0.2315,0.2980,0.0887,0.3342
2107,INDUSTRY,0.0613,0.0670,0.0414,0.1299
2388,MACRO,0.0448,0.6060,0.0108,0.5076
1660,MICRO,0.1172,0.3703,0.0539,0.3607
2124,INDUSTRY,0.1708,0.3580,0.0687,0.3282
2457,MACRO,0.1436,0.4705,0.0587,0.2984
1873,MICRO,0.1892,0.2822,0.0769,0.2955
2060,INDUSTRY,0.1605,0.3720,0.0470,0.3370
2366,MACRO,0.0610,0.2725,0.0223,0.3684
1662,MICRO,0.1961,0.3364,0.0805,0.2662
1993,INDUSTRY,0.1340,0.2650,0.0544,0.2929
2220,MACRO,0.0230,0.2561,0.0062,0.2359
1603,MICRO,0.1223,0.2590,0.0486,0.2679
1910,INDUSTRY,0.0821,0.2050,0.0439,0.2094
2426,MACRO,0.0929,0.3588,0.0209,0.2796
1583,MICRO,0.1592,0.3183,0.0656,0.3351
1972,INDUSTRY,0.1152,0.2046,0.0609,0.1894
2458,MACRO,0.1186,0.1940,0.0667,0.1559
1772,MICRO,0.0955,0.2271,0.0488,0.2304
2141,INDUSTRY,0.1532,0.2090,0.0612,0.1729
2494,MACRO,0.0732,0.3628,0.0151,0.3837
1708,MICRO,0.1092,0.2687,0.0468,0.2459
2103,INDUSTRY,0.0491,0.2622,0.0474,0.2740
2434,MACRO,0.1133,0.2265,0.0475,0.2119
1666,MICRO,0.1926,0.3233,0.0794,0.3085
2025,INDUSTRY,0.1122,0.2635,0.0475,0.2443
2437,MACRO,0.0911,0.3575,0.0246,0.3509
1693,MICRO,0.0715,0.2752,0.0385,0.2678
2207,INDUSTRY,0.0708,0.2329,0.0362,0.2548
2512,MACRO,0.0650,0.2923,0.0216,0.2687
1784,MICRO,0.0675,0.1600,0.0668,0.1575
2003,INDUSTRY,0.1860,0.2131,0.0764,0.2832
2353,MACRO,0.0729,0.2752,0.0217,0.2768
1424,MICRO,0.0956,0.3127,0.0449,0.3287
1915,INDUSTRY,0.1307,0.1733,0.0591,0.2055
2445,MACRO,0.1382,0.4366,0.0310,0.4087
1704,MICRO,0.0843,0.2038,0.0477,0.1931
2104,INDUSTRY,0.2041,0.4216,0.0755,0.2351
2491,MACRO,0.1322,0.3212,0.0540,0.3670
1829,MICRO,0.1512,0.3044,0.0695,0.2151
2154,INDUSTRY,0.1060,0.2182,0.0618,0.2384
2469,MACRO,0.0484,0.0858,0.0398,0.1029
1809,MICRO,0.1209,0.3434,0.0595,0.3063
1933,INDUSTRY,0.0551,0.3968,0.0244,0.5017
2371,MACRO,0.0620,0.3899,0.0252,0.3918
1578,MICRO,0.1326,0.2938,0.0836,0.2469
2198,INDUSTRY,0.1374,0.2545,0.0497,0.2611
2466,MACRO,0.0383,0.2289,0.0264,0.2092
1745,MICRO,0.0969,0.2630,0.0702,0.1837
2044,INDUSTRY,0.0647,0.2891,0.0372,0.2456
2407,MACRO,0.0906,0.5275,0.0319,0.5151
1497,MICRO,0.0985,0.2319,0.0715,0.2109
2205,INDUSTRY,0.0927,0.2731,0.0520,0.2505
2418,MACRO,0.1449,0.4391,0.0657,0.4489
1756,MICRO,0.1431,0.3135,0.0599,0.2740
2064,INDUSTRY,0.1201,0.2225,0.0411,0.2006
2493,MACRO,0.1360,0.5131,0.0439,0.4406
1789,MICRO,0.0792,0.1658,0.0583,0.1404
1924,INDUSTRY,0.1328,0.2198,0.0486,0.2291
2264,MACRO,0.1363,0.3449,0.0642,0.3371
1831,MICRO,0.1194,0.1350,0.0648,0.1835
2132,INDUSTRY,0.1788,0.2217,0.0741,0.2252
2321,MACRO,0.0270,0.4440,0.0084,0.4143
1434,MICRO,0.1003,0.2903,0.0468,0.2941
2091,INDUSTRY,0.0863,0.1149,0.0564,0.1040
2443,MACRO,0.1103,0.3337,0.0365,0.3086
1574,MICRO,0.2170,0.2337,0.0885,0.2353
2178,INDUSTRY,0.2439,0.2593,0.0665,0.1245
2431,MACRO,0.0628,0.3639,0.0238,0.3396
1556,MICRO,0.0731,0.1950,0.0308,0.2224
2059,INDUSTRY,0.2110,0.1851,0.0762,0.2185
2355,MACRO,0.0932,0.2399,0.0468,0.2301
1850,MICRO,0.0751,0.2354,0.0608,0.2901
2179,INDUSTRY,0.1810,0.2599,0.0694,0.2268
2396,MACRO,0.0430,0.4027,0.0127,0.3550
1521,MICRO,0.1933,0.3953,0.0731,0.3297
1929,INDUSTRY,0.0934,0.2957,0.0387,0.2926
2350,MACRO,0.1768,0.5831,0.0414,0.2525
1413,MICRO,0.1846,0.3588,0.0921,0.2841
2109,INDUSTRY,0.0958,0.1571,0.0429,0.1477
1565,MICRO,0.1134,0.1887,0.0461,0.1898
2065,INDUSTRY,0.0882,0.1840,0.0429,0.1641
1511,MICRO,0.0959,0.2485,0.0660,0.2409
1893,INDUSTRY,0.1158,0.2270,0.0497,0.2249
1733,MICRO,0.1190,0.2550,0.0543,0.2427
1970,INDUSTRY,0.0712,0.1931,0.0506,0.1766
1418,MICRO,0.1911,0.3774,0.0767,0.3718
2174,INDUSTRY,0.1722,0.2608,0.0432,0.2051
1545,MICRO,0.1708,0.2367,0.0850,0.2089
2149,INDUSTRY,0.1523,0.3043,0.0675,0.3049
1862,MICRO,0.1675,0.2842,0.0679,0.2838
1900,INDUSTRY,0.0454,0.1941,0.0332,0.1802
1411,MICRO,0.1927,0.1851,0.0895,0.1367
2026,INDUSTRY,0.2091,0.3257,0.0734,0.3251
1447,MICRO,0.1946,0.3056,0.0933,0.3223
2157,INDUSTRY,0.1189,0.2577,0.0677,0.2146
1762,MICRO,0.0863,0.2632,0.0405,0.2600
2130,INDUSTRY,0.1719,0.1817,0.0639,0.1833
1691,MICRO,0.1315,0.2311,0.0662,0.1876
2160,INDUSTRY,0.2029,0.2179,0.0657,0.2047
1608,MICRO,0.1722,0.2902,0.0913,0.3164
2142,INDUSTRY,0.0958,0.2500,0.0475,0.3481
1618,MICRO,0.1754,0.3588,0.0870,0.3266
1946,INDUSTRY,0.1137,0.1680,0.0408,0.1702
1872,MICRO,0.1063,0.2345,0.0656,0.2127
2161,INDUSTRY,0.1180,0.4783,0.0472,0.2668
1557,MICRO,0.0694,0.2107,0.0307,0.2115
2021,INDUSTRY,0.0990,0.2593,0.0376,0.2667
1487,MICRO,0.0914,0.2459,0.0385,0.2527
1903,INDUSTRY,0.0754,0.1842,0.0466,0.1826
1792,MICRO,0.1233,0.2402,0.0578,0.2231
2108,INDUSTRY,0.1622,0.2639,0.0687,0.2540
1653,MICRO,0.1514,0.3524,0.0712,0.3324
2042,INDUSTRY,0.0717,0.2380,0.0361,0.2373
1779,MICRO,0.1090,0.2199,0.0559,0.1715
2203,INDUSTRY,0.0697,0.2126,0.0378,0.2149
1558,MICRO,0.0848,0.2279,0.0361,0.2213
2176,INDUSTRY,0.1825,0.3714,0.0733,0.3711
1611,MICRO,0.2217,0.2793,0.0887,0.2615
2013,INDUSTRY,0.0421,0.1455,0.0288,0.1884
1470,MICRO,0.2797,0.2303,0.1087,0.2129
1887,INDUSTRY,0.1341,0.3094,0.0490,0.3424
1832,MICRO,0.1098,0.1999,0.0437,0.1646
1405,MICRO,0.2013,0.2717,0.0798,0.2496
1410,MICRO,0.1706,0.2606,0.0846,0.2388
1412,MICRO,0.2337,0.1847,0.0921,0.1939
1416,MICRO,0.1310,0.3625,0.0506,0.3574
1417,MICRO,0.1297,0.3326,0.0506,0.3254
1421,MICRO,0.0911,0.2442,0.0449,0.2673
1423,MICRO,0.1393,0.3452,0.0733,0.3250
1430,MICRO,0.1355,0.2460,0.0563,0.2168
1432,MICRO,0.1156,0.1894,0.0692,0.1151
1435,MICRO,0.1484,0.2862,0.0657,0.2855
1436,MICRO,0.1251,0.2666,0.0521,0.2623
1437,MICRO,0.2148,0.2665,0.0915,0.2656
1438,MICRO,0.1712,0.3160,0.0704,0.3242
1443,MICRO,0.1991,0.2512,0.0709,0.2225
1444,MICRO,0.2295,0.3191,0.0929,0.3178
1445,MICRO,0.2400,0.2749,0.1043,0.2651
1446,MICRO,0.1170,0.2836,0.0480,0.3091
1452,MICRO,0.1702,0.1539,0.0683,0.1554
1455,MICRO,0.1959,0.1918,0.0781,0.1888
1456,MICRO,0.1448,0.2126,0.0571,0.2305
1460,MICRO,0.1661,0.2575,0.0799,0.1641
1461,MICRO,0.1506,0.3468,0.0552,0.3077
1462,MICRO,0.1983,0.2682,0.0756,0.2377
1464,MICRO,0.1823,0.3857,0.0873,0.2526
1465,MICRO,0.1122,0.1234,0.0449,0.1312
1473,MICRO,0.2070,0.3343,0.0823,0.2887
1475,MICRO,0.2567,0.2492,0.1024,0.2557
1478,MICRO,0.1282,0.2071,0.0543,0.2012
1480,MICRO,0.1329,0.3115,0.0766,0.2771
1481,MICRO,0.1221,0.3102,0.0552,0.2618
1482,MICRO,0.1421,0.2224,0.0597,0.1607
1486,MICRO,0.1087,0.2362,0.0495,0.2097
1489,MICRO,0.0870,0.2006,0.0496,0.2086
1495,MICRO,0.0887,0.1550,0.0734,0.1215
1496,MICRO,0.1134,0.1939,0.0672,0.1730
1502,MICRO,0.1958,0.2062,0.0745,0.2088
1505,MICRO,0.1793,0.3096,0.0721,0.3157
1508,MICRO,0.1015,0.2467,0.0713,0.2213
1512,MICRO,0.2038,0.2976,0.0794,0.2942
1515,MICRO,0.1883,0.2534,0.0764,0.2368
1522,MICRO,0.1769,0.3323,0.0685,0.3095
1523,MICRO,0.0993,0.2362,0.0774,0.2274
1525,MICRO,0.1467,0.2729,0.0615,0.1948
1527,MICRO,0.2309,0.2715,0.0870,0.2649
1530,MICRO,0.1897,0.3043,0.0843,0.2112
1531,MICRO,0.1387,0.2199,0.0612,0.2127
1532,MICRO,0.0976,0.2399,0.0578,0.1610
1536,MICRO,0.1302,0.3188,0.0949,0.2466
1538,MICRO,0.2110,0.3449,0.0845,0.2794
1548,MICRO,0.1743,0.1772,0.0755,0.1611
1551,MICRO,0.0350,0.1920,0.0811,0.2080
1560,MICRO,0.1044,0.1697,0.0419,0.1656
1561,MICRO,0.1175,0.2704,0.0510,0.2731
1562,MICRO,0.1404,0.3030,0.0557,0.3027
1564,MICRO,0.1056,0.2201,0.0538,0.2129
1568,MICRO,0.1329,0.2528,0.0765,0.2419
1569,MICRO,0.1975,0.2674,0.0805,0.2750
1572,MICRO,0.1235,0.1966,0.0461,0.1884
1573,MICRO,0.2097,0.2706,0.0891,0.2247
1575,MICRO,0.1026,0.2876,0.0427,0.2926
1581,MICRO,0.1740,0.2618,0.0708,0.3137
1586,MICRO,0.0895,0.2412,0.0462,0.2250
1587,MICRO,0.1372,0.2930,0.0547,0.2723
1590,MICRO,0.1393,0.2208,0.0528,0.2219
1594,MICRO,0.1155,0.2590,0.0781,0.2167
1596,MICRO,0.1818,0.1749,0.0736,0.1763
1597,MICRO,0.1994,0.1853,0.0796,0.1944
1600,MICRO,0.0862,0.2900,0.0355,0.3175
1602,MICRO,0.0802,0.2380,0.0325,0.2710
1624,MICRO,0.2233,0.2415,0.0845,0.2637
1627,MICRO,0.2234,0.1907,0.0904,0.1845
1628,MICRO,0.1838,0.1839,0.0763,0.1990
1631,MICRO,0.0780,0.3004,0.0993,0.3018
1633,MICRO,0.1280,0.2287,0.0842,0.1996
1634,MICRO,0.1408,0.3298,0.0553,0.3414
1635,MICRO,0.2234,0.1923,0.0905,0.2112
1637,MICRO,0.1791,0.2540,0.0740,0.2311
1641,MICRO,0.1234,0.2226,0.0691,0.2377
1643,MICRO,0.1884,0.3362,0.0727,0.3380
1645,MICRO,0.1786,0.2857,0.0979,0.2541
1667,MICRO,0.1634,0.2521,0.0665,0.2409
1670,MICRO,0.1569,0.2578,0.0599,0.2687
1671,MICRO,0.1087,0.4603,0.0930,0.3564
1673,MICRO,0.1639,0.2628,0.0798,0.2272
1676,MICRO,0.1897,0.2250,0.0719,0.2134
1678,MICRO,0.1904,0.2528,0.0775,0.2439
1683,MICRO,0.1234,0.1819,0.0726,0.2036
1694,MICRO,0.1312,0.2894,0.0708,0.1831
1700,MICRO,0.1014,0.2215,0.0530,0.2066
1702,MICRO,0.1398,0.3549,0.0667,0.2540
1703,MICRO,0.1598,0.3335,0.0701,0.2581
1706,MICRO,0.1443,0.3508,0.0632,0.3130
1707,MICRO,0.1341,0.3973,0.0603,0.3252
1709,MICRO,0.1262,0.2485,0.0677,0.2471
1711,MICRO,0.0543,0.1610,0.0413,0.1747
1714,MICRO,0.0907,0.2463,0.0575,0.2393
1717,MICRO,0.0441,0.1319,0.0382,0.0949
1718,MICRO,0.1219,0.2428,0.0637,0.2342
1719,MICRO,0.0593,0.1958,0.0751,0.1798
1720,MICRO,0.1031,0.2755,0.0439,0.2695
1726,MICRO,0.0612,0.1682,0.0351,0.2016
1730,MICRO,0.0889,0.2139,0.0629,0.1944
1734,MICRO,0.1094,0.2549,0.0595,0.1891
1736,MICRO,0.1014,0.1687,0.0554,0.1685
1742,MICRO,0.1224,0.1821,0.0531,0.1688
1744,MICRO,0.0772,0.2585,0.0497,0.2444
1750,MICRO,0.1083,0.2113,0.0446,0.2006
1751,MICRO,0.0705,0.1868,0.0479,0.2014
1752,MICRO,0.1355,0.2958,0.0640,0.2339
1754,MICRO,0.1250,0.3163,0.0584,0.2712
1758,MICRO,0.0868,0.2089,0.0413,0.1910
1760,MICRO,0.0601,0.1898,0.0318,0.1978
1761,MICRO,0.0798,0.3329,0.0400,0.3329
1766,MICRO,0.0938,0.2711,0.0685,0.2242
1767,MICRO,0.1194,0.2810,0.0553,0.3249
1768,MICRO,0.1266,0.1975,0.0595,0.1560
1770,MICRO,0.1563,0.1890,0.0774,0.1599
1773,MICRO,0.0896,0.2134,0.0394,0.2595
1782,MICRO,0.0859,0.1665,0.0638,0.1320
1783,MICRO,0.1527,0.2484,0.0738,0.1686
1787,MICRO,0.1413,0.2433,0.0850,0.1963
1791,MICRO,0.1016,0.2438,0.0521,0.2087
1794,MICRO,0.1340,0.3679,0.0546,0.3384
1797,MICRO,0.1173,0.2482,0.0605,0.2011
1799,MICRO,0.0855,0.3251,0.0504,0.2561
1801,MICRO,0.1493,0.2911,0.0632,0.2196
1804,MICRO,0.1678,0.2807,0.0717,0.2976
1807,MICRO,0.0534,0.2303,0.0296,0.2025
1808,MICRO,0.0349,0.2608,0.0220,0.2774
1811,MICRO,0.1160,0.3650,0.0551,0.3226
1817,MICRO,0.1109,0.2649,0.0645,0.2295
1820,MICRO,0.1114,0.2332,0.0479,0.2229
1822,MICRO,0.1348,0.4082,0.0574,0.2895
1847,MICRO,0.1262,0.1783,0.0669,0.1541
1852,MICRO,0.1781,0.3441,0.0844,0.2027
1854,MICRO,0.1146,0.2872,0.0592,0.2742
1864,MICRO,0.1357,0.1966,0.0721,0.1968
1869,MICRO,0.1564,0.3278,0.0719,0.2580
1871,MICRO,0.1390,0.3507,0.0623,0.2467
